[
  {
    "model": "products.image",
    "pk": 0,
    "fields": {
      "product": 81,
      "url": "https://www.laced.com/products/yeezy-boost-700-v3-mono-safflower",
      "image": null,
      "lg_image": null,
      "md_image": null,
      "sm_image": null,
      "tn_image": null
    }
  },
  {
    "model": "products.image",
    "pk": 0,
    "fields": {
      "product": 84,
      "url": "https://www.laced.com/products/yeezy-500-ash-grey",
      "image": null,
      "lg_image": null,
      "md_image": null,
      "sm_image": null,
      "tn_image": null
    }
  },
  {
    "model": "products.image",
    "pk": 0,
    "fields": {
      "product": 91,
      "url": "https://www.laced.com/products/yeezy-450-cinder",
      "image": null,
      "lg_image": null,
      "md_image": null,
      "sm_image": null,
      "tn_image": null
    }
  },
  {
    "model": "products.image",
    "pk": 0,
    "fields": {
      "product": 136,
      "url": "https://www.laced.com/products/yeezy-qntm-barium",
      "image": null,
      "lg_image": null,
      "md_image": null,
      "sm_image": null,
      "tn_image": null
    }
  },
  {
    "model": "products.image",
    "pk": 0,
    "fields": {
      "product": 148,
      "url": "https://www.laced.com/products/yeezy-qntm-quantum",
      "image": null,
      "lg_image": null,
      "md_image": null,
      "sm_image": null,
      "tn_image": null
    }
  },
  {
    "model": "products.image",
    "pk": 0,
    "fields": {
      "product": 152,
      "url": "https://www.laced.com/products/yeezy-qntm-flash-orange",
      "image": null,
      "lg_image": null,
      "md_image": null,
      "sm_image": null,
      "tn_image": null
    }
  },
  {
    "model": "products.image",
    "pk": 0,
    "fields": {
      "product": 178,
      "url": "https://www.laced.com/products/yeezy-slide-onyx-infants",
      "image": null,
      "lg_image": null,
      "md_image": null,
      "sm_image": null,
      "tn_image": null
    }
  },
  {
    "model": "products.image",
    "pk": 0,
    "fields": {
      "product": 201,
      "url": "https://www.laced.com/products/yeezy-boost-350-v2-beluga-reflective-kids",
      "image": null,
      "lg_image": null,
      "md_image": null,
      "sm_image": null,
      "tn_image": null
    }
  },
  {
    "model": "products.image",
    "pk": 0,
    "fields": {
      "product": 226,
      "url": "https://www.laced.com/products/yeezy-500-blush-kids",
      "image": null,
      "lg_image": null,
      "md_image": null,
      "sm_image": null,
      "tn_image": null
    }
  },
  {
    "model": "products.image",
    "pk": 0,
    "fields": {
      "product": 228,
      "url": "https://www.laced.com/products/yeezy-qntm-sea-teal",
      "image": null,
      "lg_image": null,
      "md_image": null,
      "sm_image": null,
      "tn_image": null
    }
  },
  {
    "model": "products.image",
    "pk": 0,
    "fields": {
      "product": 332,
      "url": "https://www.laced.com/products/air-yeezy-2-sp-red-october",
      "image": null,
      "lg_image": null,
      "md_image": null,
      "sm_image": null,
      "tn_image": null
    }
  },
  {
    "model": "products.image",
    "pk": 0,
    "fields": {
      "product": 343,
      "url": "https://www.laced.com/products/yeezy-basketball-quantum",
      "image": null,
      "lg_image": null,
      "md_image": null,
      "sm_image": null,
      "tn_image": null
    }
  },
  {
    "model": "products.image",
    "pk": 0,
    "fields": {
      "product": 362,
      "url": "https://www.laced.com/products/yeezy-qntm-lifestyle-model-infants",
      "image": null,
      "lg_image": null,
      "md_image": null,
      "sm_image": null,
      "tn_image": null
    }
  },
  {
    "model": "products.image",
    "pk": 0,
    "fields": {
      "product": 366,
      "url": "https://www.laced.com/products/roshe-run-fb-yeezy",
      "image": null,
      "lg_image": null,
      "md_image": null,
      "sm_image": null,
      "tn_image": null
    }
  },
  {
    "model": "products.image",
    "pk": 0,
    "fields": {
      "product": 410,
      "url": "https://www.laced.com/products/clear-mint-falcon-w",
      "image": null,
      "lg_image": null,
      "md_image": null,
      "sm_image": null,
      "tn_image": null
    }
  },
  {
    "model": "products.image",
    "pk": 0,
    "fields": {
      "product": 419,
      "url": "https://www.laced.com/products/continental-80-rascal-core-black",
      "image": null,
      "lg_image": null,
      "md_image": null,
      "sm_image": null,
      "tn_image": null
    }
  },
  {
    "model": "products.image",
    "pk": 0,
    "fields": {
      "product": 435,
      "url": "https://www.laced.com/products/adidas-yung-1-x-dragon-ball-z-frieza",
      "image": null,
      "lg_image": null,
      "md_image": null,
      "sm_image": null,
      "tn_image": null
    }
  },
  {
    "model": "products.image",
    "pk": 0,
    "fields": {
      "product": 438,
      "url": "https://www.laced.com/products/adidas-campus-adv-x-shin-sanbongi-black",
      "image": null,
      "lg_image": null,
      "md_image": null,
      "sm_image": null,
      "tn_image": null
    }
  },
  {
    "model": "products.image",
    "pk": 0,
    "fields": {
      "product": 443,
      "url": "https://www.laced.com/products/campus",
      "image": null,
      "lg_image": null,
      "md_image": null,
      "sm_image": null,
      "tn_image": null
    }
  },
  {
    "model": "products.image",
    "pk": 0,
    "fields": {
      "product": 447,
      "url": "https://www.laced.com/products/vintage-white-campus",
      "image": null,
      "lg_image": null,
      "md_image": null,
      "sm_image": null,
      "tn_image": null
    }
  },
  {
    "model": "products.image",
    "pk": 0,
    "fields": {
      "product": 454,
      "url": "https://www.laced.com/products/adidas-continental-80-white-scarlet-navy",
      "image": null,
      "lg_image": null,
      "md_image": null,
      "sm_image": null,
      "tn_image": null
    }
  },
  {
    "model": "products.image",
    "pk": 0,
    "fields": {
      "product": 455,
      "url": "https://www.laced.com/products/adidas-supermodified-x-korn-white-black",
      "image": null,
      "lg_image": null,
      "md_image": null,
      "sm_image": null,
      "tn_image": null
    }
  },
  {
    "model": "products.image",
    "pk": 0,
    "fields": {
      "product": 463,
      "url": "https://www.laced.com/products/ash-green-campus",
      "image": null,
      "lg_image": null,
      "md_image": null,
      "sm_image": null,
      "tn_image": null
    }
  },
  {
    "model": "products.image",
    "pk": 0,
    "fields": {
      "product": 474,
      "url": "https://www.laced.com/products/samba-w",
      "image": null,
      "lg_image": null,
      "md_image": null,
      "sm_image": null,
      "tn_image": null
    }
  },
  {
    "model": "products.image",
    "pk": 0,
    "fields": {
      "product": 497,
      "url": "https://www.laced.com/products/continental-80-aero-blue",
      "image": null,
      "lg_image": null,
      "md_image": null,
      "sm_image": null,
      "tn_image": null
    }
  },
  {
    "model": "products.image",
    "pk": 0,
    "fields": {
      "product": 511,
      "url": "https://www.laced.com/products/triple-white-zx-flux-w",
      "image": null,
      "lg_image": null,
      "md_image": null,
      "sm_image": null,
      "tn_image": null
    }
  },
  {
    "model": "products.image",
    "pk": 0,
    "fields": {
      "product": 512,
      "url": "https://www.laced.com/products/adidas-x-overkill-equipment-csg-91",
      "image": null,
      "lg_image": null,
      "md_image": null,
      "sm_image": null,
      "tn_image": null
    }
  },
  {
    "model": "products.image",
    "pk": 0,
    "fields": {
      "product": 515,
      "url": "https://www.laced.com/products/acid-house-yung-1-x-size",
      "image": null,
      "lg_image": null,
      "md_image": null,
      "sm_image": null,
      "tn_image": null
    }
  },
  {
    "model": "products.image",
    "pk": 0,
    "fields": {
      "product": 535,
      "url": "https://www.laced.com/products/red-tubular-radial",
      "image": null,
      "lg_image": null,
      "md_image": null,
      "sm_image": null,
      "tn_image": null
    }
  },
  {
    "model": "products.image",
    "pk": 0,
    "fields": {
      "product": 545,
      "url": "https://www.laced.com/products/collegiate-burgundy-campus",
      "image": null,
      "lg_image": null,
      "md_image": null,
      "sm_image": null,
      "tn_image": null
    }
  },
  {
    "model": "products.image",
    "pk": 0,
    "fields": {
      "product": 546,
      "url": "https://www.laced.com/products/adidas-twinstrike-a-d",
      "image": null,
      "lg_image": null,
      "md_image": null,
      "sm_image": null,
      "tn_image": null
    }
  },
  {
    "model": "products.image",
    "pk": 0,
    "fields": {
      "product": 558,
      "url": "https://www.laced.com/products/adidas-crazy-byw-x-eric-emanuel-burgundy",
      "image": null,
      "lg_image": null,
      "md_image": null,
      "sm_image": null,
      "tn_image": null
    }
  },
  {
    "model": "products.image",
    "pk": 0,
    "fields": {
      "product": 560,
      "url": "https://www.laced.com/products/alphaedge-4d-ash-green",
      "image": null,
      "lg_image": null,
      "md_image": null,
      "sm_image": null,
      "tn_image": null
    }
  },
  {
    "model": "products.image",
    "pk": 0,
    "fields": {
      "product": 566,
      "url": "https://www.laced.com/products/adidas-squash-polta-akh-x-craig-green",
      "image": null,
      "lg_image": null,
      "md_image": null,
      "sm_image": null,
      "tn_image": null
    }
  },
  {
    "model": "products.image",
    "pk": 0,
    "fields": {
      "product": 577,
      "url": "https://www.laced.com/products/adidas-supersleek-72-beyonce-ivy-park-white-black-w",
      "image": null,
      "lg_image": null,
      "md_image": null,
      "sm_image": null,
      "tn_image": null
    }
  },
  {
    "model": "products.image",
    "pk": 0,
    "fields": {
      "product": 589,
      "url": "https://www.laced.com/products/footpatrol-x-futurecraft-4d",
      "image": null,
      "lg_image": null,
      "md_image": null,
      "sm_image": null,
      "tn_image": null
    }
  },
  {
    "model": "products.image",
    "pk": 0,
    "fields": {
      "product": 601,
      "url": "https://www.laced.com/products/ivy-park-x-adidas-super-sleek-72-black-w",
      "image": null,
      "lg_image": null,
      "md_image": null,
      "sm_image": null,
      "tn_image": null
    }
  },
  {
    "model": "products.image",
    "pk": 0,
    "fields": {
      "product": 602,
      "url": "https://www.laced.com/products/cloud-white-falcon-w",
      "image": null,
      "lg_image": null,
      "md_image": null,
      "sm_image": null,
      "tn_image": null
    }
  },
  {
    "model": "products.image",
    "pk": 0,
    "fields": {
      "product": 609,
      "url": "https://www.laced.com/products/solar-hu-glide-cloud-white-x-pharrell-w",
      "image": null,
      "lg_image": null,
      "md_image": null,
      "sm_image": null,
      "tn_image": null
    }
  },
  {
    "model": "products.image",
    "pk": 0,
    "fields": {
      "product": 627,
      "url": "https://www.laced.com/products/adidas-zx-4000-4d-white-grey",
      "image": null,
      "lg_image": null,
      "md_image": null,
      "sm_image": null,
      "tn_image": null
    }
  },
  {
    "model": "products.image",
    "pk": 0,
    "fields": {
      "product": 631,
      "url": "https://www.laced.com/products/originals-bball-soccer-core-black-x-alexander-wang",
      "image": null,
      "lg_image": null,
      "md_image": null,
      "sm_image": null,
      "tn_image": null
    }
  },
  {
    "model": "products.image",
    "pk": 0,
    "fields": {
      "product": 632,
      "url": "https://www.laced.com/products/ivy-park-x-adidas-ultra-boost-electric-green",
      "image": null,
      "lg_image": null,
      "md_image": null,
      "sm_image": null,
      "tn_image": null
    }
  },
  {
    "model": "products.image",
    "pk": 0,
    "fields": {
      "product": 636,
      "url": "https://www.laced.com/products/core-black-i-5923",
      "image": null,
      "lg_image": null,
      "md_image": null,
      "sm_image": null,
      "tn_image": null
    }
  },
  {
    "model": "products.image",
    "pk": 0,
    "fields": {
      "product": 652,
      "url": "https://www.laced.com/products/bape-x-undefeated-x-adidas-zx-8000-green",
      "image": null,
      "lg_image": null,
      "md_image": null,
      "sm_image": null,
      "tn_image": null
    }
  },
  {
    "model": "products.image",
    "pk": 0,
    "fields": {
      "product": 663,
      "url": "https://www.laced.com/products/4d-y-3-runner",
      "image": null,
      "lg_image": null,
      "md_image": null,
      "sm_image": null,
      "tn_image": null
    }
  },
  {
    "model": "products.image",
    "pk": 0,
    "fields": {
      "product": 683,
      "url": "https://www.laced.com/products/clean-aw-run-x-alexander-wang",
      "image": null,
      "lg_image": null,
      "md_image": null,
      "sm_image": null,
      "tn_image": null
    }
  },
  {
    "model": "products.image",
    "pk": 0,
    "fields": {
      "product": 692,
      "url": "https://www.laced.com/products/grey-flashback-w",
      "image": null,
      "lg_image": null,
      "md_image": null,
      "sm_image": null,
      "tn_image": null
    }
  },
  {
    "model": "products.image",
    "pk": 0,
    "fields": {
      "product": 695,
      "url": "https://www.laced.com/products/all-white-tubular-nova",
      "image": null,
      "lg_image": null,
      "md_image": null,
      "sm_image": null,
      "tn_image": null
    }
  },
  {
    "model": "products.image",
    "pk": 0,
    "fields": {
      "product": 700,
      "url": "https://www.laced.com/products/ash-blue-campus",
      "image": null,
      "lg_image": null,
      "md_image": null,
      "sm_image": null,
      "tn_image": null
    }
  },
  {
    "model": "products.image",
    "pk": 0,
    "fields": {
      "product": 720,
      "url": "https://www.laced.com/products/adidas-crazy-byw-lvl-1-white",
      "image": null,
      "lg_image": null,
      "md_image": null,
      "sm_image": null,
      "tn_image": null
    }
  },
  {
    "model": "products.image",
    "pk": 0,
    "fields": {
      "product": 736,
      "url": "https://www.laced.com/products/adidas-forum-low-x-jeremy-scott-dipped-green",
      "image": null,
      "lg_image": null,
      "md_image": null,
      "sm_image": null,
      "tn_image": null
    }
  },
  {
    "model": "products.image",
    "pk": 0,
    "fields": {
      "product": 738,
      "url": "https://www.laced.com/products/pureboost-zg-x-kolor",
      "image": null,
      "lg_image": null,
      "md_image": null,
      "sm_image": null,
      "tn_image": null
    }
  },
  {
    "model": "products.image",
    "pk": 0,
    "fields": {
      "product": 745,
      "url": "https://www.laced.com/products/tubular-viral-w",
      "image": null,
      "lg_image": null,
      "md_image": null,
      "sm_image": null,
      "tn_image": null
    }
  },
  {
    "model": "products.image",
    "pk": 0,
    "fields": {
      "product": 765,
      "url": "https://www.laced.com/products/zx-500-son-goku-x-dragon-ball-z",
      "image": null,
      "lg_image": null,
      "md_image": null,
      "sm_image": null,
      "tn_image": null
    }
  },
  {
    "model": "products.image",
    "pk": 0,
    "fields": {
      "product": 769,
      "url": "https://www.laced.com/products/red-zx-flux",
      "image": null,
      "lg_image": null,
      "md_image": null,
      "sm_image": null,
      "tn_image": null
    }
  },
  {
    "model": "products.image",
    "pk": 0,
    "fields": {
      "product": 770,
      "url": "https://www.laced.com/products/adidas-forum-wings-1-0-jeremy-scott-money",
      "image": null,
      "lg_image": null,
      "md_image": null,
      "sm_image": null,
      "tn_image": null
    }
  },
  {
    "model": "products.image",
    "pk": 0,
    "fields": {
      "product": 772,
      "url": "https://www.laced.com/products/falcon-triple-white-w",
      "image": null,
      "lg_image": null,
      "md_image": null,
      "sm_image": null,
      "tn_image": null
    }
  },
  {
    "model": "products.image",
    "pk": 0,
    "fields": {
      "product": 777,
      "url": "https://www.laced.com/products/busenitz-x-undefeated",
      "image": null,
      "lg_image": null,
      "md_image": null,
      "sm_image": null,
      "tn_image": null
    }
  },
  {
    "model": "products.image",
    "pk": 0,
    "fields": {
      "product": 778,
      "url": "https://www.laced.com/products/granite-zx-flux-shoes",
      "image": null,
      "lg_image": null,
      "md_image": null,
      "sm_image": null,
      "tn_image": null
    }
  },
  {
    "model": "products.image",
    "pk": 0,
    "fields": {
      "product": 779,
      "url": "https://www.laced.com/products/london-am4ldn-speedfactory",
      "image": null,
      "lg_image": null,
      "md_image": null,
      "sm_image": null,
      "tn_image": null
    }
  },
  {
    "model": "products.image",
    "pk": 0,
    "fields": {
      "product": 789,
      "url": "https://www.laced.com/products/black-crazy-byw-lvl-1",
      "image": null,
      "lg_image": null,
      "md_image": null,
      "sm_image": null,
      "tn_image": null
    }
  },
  {
    "model": "products.image",
    "pk": 0,
    "fields": {
      "product": 798,
      "url": "https://www.laced.com/products/cloud-white-yung-1",
      "image": null,
      "lg_image": null,
      "md_image": null,
      "sm_image": null,
      "tn_image": null
    }
  },
  {
    "model": "products.image",
    "pk": 0,
    "fields": {
      "product": 801,
      "url": "https://www.laced.com/products/adidas-ultra-4d-oreo",
      "image": null,
      "lg_image": null,
      "md_image": null,
      "sm_image": null,
      "tn_image": null
    }
  },
  {
    "model": "products.image",
    "pk": 0,
    "fields": {
      "product": 808,
      "url": "https://www.laced.com/products/adidas-campus-light-x-bad-bunny-chalky-brown",
      "image": null,
      "lg_image": null,
      "md_image": null,
      "sm_image": null,
      "tn_image": null
    }
  },
  {
    "model": "products.image",
    "pk": 0,
    "fields": {
      "product": 825,
      "url": "https://www.laced.com/products/navy-i-5923-w",
      "image": null,
      "lg_image": null,
      "md_image": null,
      "sm_image": null,
      "tn_image": null
    }
  },
  {
    "model": "products.image",
    "pk": 0,
    "fields": {
      "product": 826,
      "url": "https://www.laced.com/products/black-boost-i-5923",
      "image": null,
      "lg_image": null,
      "md_image": null,
      "sm_image": null,
      "tn_image": null
    }
  },
  {
    "model": "products.image",
    "pk": 0,
    "fields": {
      "product": 835,
      "url": "https://www.laced.com/products/adidas-zx-9000-gore-tex-underground-black",
      "image": null,
      "lg_image": null,
      "md_image": null,
      "sm_image": null,
      "tn_image": null
    }
  },
  {
    "model": "products.image",
    "pk": 0,
    "fields": {
      "product": 845,
      "url": "https://www.laced.com/products/olive-adizero-primeknit-boost",
      "image": null,
      "lg_image": null,
      "md_image": null,
      "sm_image": null,
      "tn_image": null
    }
  },
  {
    "model": "products.image",
    "pk": 0,
    "fields": {
      "product": 849,
      "url": "https://www.laced.com/products/adidas-manchester-89-spzl-dark-blue",
      "image": null,
      "lg_image": null,
      "md_image": null,
      "sm_image": null,
      "tn_image": null
    }
  },
  {
    "model": "products.image",
    "pk": 0,
    "fields": {
      "product": 853,
      "url": "https://www.laced.com/products/adidas-x-human-made-adi-matic-dust-green-cream-white-and-brow",
      "image": null,
      "lg_image": null,
      "md_image": null,
      "sm_image": null,
      "tn_image": null
    }
  },
  {
    "model": "products.image",
    "pk": 0,
    "fields": {
      "product": 858,
      "url": "https://www.laced.com/products/watermelon-falcon-w",
      "image": null,
      "lg_image": null,
      "md_image": null,
      "sm_image": null,
      "tn_image": null
    }
  },
  {
    "model": "products.image",
    "pk": 0,
    "fields": {
      "product": 861,
      "url": "https://www.laced.com/products/new-york-x-daniel-arsham",
      "image": null,
      "lg_image": null,
      "md_image": null,
      "sm_image": null,
      "tn_image": null
    }
  },
  {
    "model": "products.image",
    "pk": 0,
    "fields": {
      "product": 865,
      "url": "https://www.laced.com/products/run-thru-time-energy-boost",
      "image": null,
      "lg_image": null,
      "md_image": null,
      "sm_image": null,
      "tn_image": null
    }
  },
  {
    "model": "products.image",
    "pk": 0,
    "fields": {
      "product": 868,
      "url": "https://www.laced.com/products/adidas-top-ten-hi-star-wars-boba-fett",
      "image": null,
      "lg_image": null,
      "md_image": null,
      "sm_image": null,
      "tn_image": null
    }
  },
  {
    "model": "products.image",
    "pk": 0,
    "fields": {
      "product": 883,
      "url": "https://www.laced.com/products/bape-x-undefeated-x-adidas-zx-8000-black-gum",
      "image": null,
      "lg_image": null,
      "md_image": null,
      "sm_image": null,
      "tn_image": null
    }
  },
  {
    "model": "products.image",
    "pk": 0,
    "fields": {
      "product": 894,
      "url": "https://www.laced.com/products/sean-wotherspoon-x-adidas-zx-8000-super-earth",
      "image": null,
      "lg_image": null,
      "md_image": null,
      "sm_image": null,
      "tn_image": null
    }
  },
  {
    "model": "products.image",
    "pk": 0,
    "fields": {
      "product": 905,
      "url": "https://www.laced.com/products/adidas-dublin-blue-red",
      "image": null,
      "lg_image": null,
      "md_image": null,
      "sm_image": null,
      "tn_image": null
    }
  },
  {
    "model": "products.image",
    "pk": 0,
    "fields": {
      "product": 907,
      "url": "https://www.laced.com/products/ambition-crazy-byw-x-pharrell",
      "image": null,
      "lg_image": null,
      "md_image": null,
      "sm_image": null,
      "tn_image": null
    }
  },
  {
    "model": "products.image",
    "pk": 0,
    "fields": {
      "product": 911,
      "url": "https://www.laced.com/products/triple-black-yung-1",
      "image": null,
      "lg_image": null,
      "md_image": null,
      "sm_image": null,
      "tn_image": null
    }
  },
  {
    "model": "products.image",
    "pk": 0,
    "fields": {
      "product": 921,
      "url": "https://www.laced.com/products/adidas-tyshawn-x-spitfire-black",
      "image": null,
      "lg_image": null,
      "md_image": null,
      "sm_image": null,
      "tn_image": null
    }
  },
  {
    "model": "products.image",
    "pk": 0,
    "fields": {
      "product": 925,
      "url": "https://www.laced.com/products/response-trail-x-kith-aspen",
      "image": null,
      "lg_image": null,
      "md_image": null,
      "sm_image": null,
      "tn_image": null
    }
  },
  {
    "model": "products.image",
    "pk": 0,
    "fields": {
      "product": 946,
      "url": "https://www.laced.com/products/adidas-futurecraft-4d-chalk-white",
      "image": null,
      "lg_image": null,
      "md_image": null,
      "sm_image": null,
      "tn_image": null
    }
  },
  {
    "model": "products.image",
    "pk": 0,
    "fields": {
      "product": 962,
      "url": "https://www.laced.com/products/energy-blue-energy-boost-x-packer-shoes-x-solebox",
      "image": null,
      "lg_image": null,
      "md_image": null,
      "sm_image": null,
      "tn_image": null
    }
  },
  {
    "model": "products.image",
    "pk": 0,
    "fields": {
      "product": 965,
      "url": "https://www.laced.com/products/adidas-sl72-x-wales-bonner-green",
      "image": null,
      "lg_image": null,
      "md_image": null,
      "sm_image": null,
      "tn_image": null
    }
  },
  {
    "model": "products.image",
    "pk": 0,
    "fields": {
      "product": 966,
      "url": "https://www.laced.com/products/adidas-x-size-i-5923-hawaiian-thunderstorm",
      "image": null,
      "lg_image": null,
      "md_image": null,
      "sm_image": null,
      "tn_image": null
    }
  },
  {
    "model": "products.image",
    "pk": 0,
    "fields": {
      "product": 968,
      "url": "https://www.laced.com/products/adidas-sl72-x-wales-bonner-chocolate",
      "image": null,
      "lg_image": null,
      "md_image": null,
      "sm_image": null,
      "tn_image": null
    }
  },
  {
    "model": "products.image",
    "pk": 0,
    "fields": {
      "product": 981,
      "url": "https://www.laced.com/products/continental-80-semi-frozen-yellow",
      "image": null,
      "lg_image": null,
      "md_image": null,
      "sm_image": null,
      "tn_image": null
    }
  },
  {
    "model": "products.image",
    "pk": 0,
    "fields": {
      "product": 982,
      "url": "https://www.laced.com/products/bad-bunny-x-adidas-response-cl",
      "image": null,
      "lg_image": null,
      "md_image": null,
      "sm_image": null,
      "tn_image": null
    }
  },
  {
    "model": "products.image",
    "pk": 0,
    "fields": {
      "product": 986,
      "url": "https://www.laced.com/products/white-black-i-5923",
      "image": null,
      "lg_image": null,
      "md_image": null,
      "sm_image": null,
      "tn_image": null
    }
  },
  {
    "model": "products.image",
    "pk": 0,
    "fields": {
      "product": 987,
      "url": "https://www.laced.com/products/trace-scarlet-campus",
      "image": null,
      "lg_image": null,
      "md_image": null,
      "sm_image": null,
      "tn_image": null
    }
  },
  {
    "model": "products.image",
    "pk": 0,
    "fields": {
      "product": 1036,
      "url": "https://www.laced.com/products/london-iniki-runner",
      "image": null,
      "lg_image": null,
      "md_image": null,
      "sm_image": null,
      "tn_image": null
    }
  },
  {
    "model": "products.image",
    "pk": 0,
    "fields": {
      "product": 1060,
      "url": "https://www.laced.com/products/clear-pink-continental-80",
      "image": null,
      "lg_image": null,
      "md_image": null,
      "sm_image": null,
      "tn_image": null
    }
  },
  {
    "model": "products.image",
    "pk": 0,
    "fields": {
      "product": 1067,
      "url": "https://www.laced.com/products/torsion-integral-s-x-sneaker-freaker",
      "image": null,
      "lg_image": null,
      "md_image": null,
      "sm_image": null,
      "tn_image": null
    }
  },
  {
    "model": "products.image",
    "pk": 0,
    "fields": {
      "product": 1068,
      "url": "https://www.laced.com/products/adidas-microbounce-t1-x-kerwin-frost-bright-royal",
      "image": null,
      "lg_image": null,
      "md_image": null,
      "sm_image": null,
      "tn_image": null
    }
  },
  {
    "model": "products.image",
    "pk": 0,
    "fields": {
      "product": 1069,
      "url": "https://www.laced.com/products/copper-zx-flux-w",
      "image": null,
      "lg_image": null,
      "md_image": null,
      "sm_image": null,
      "tn_image": null
    }
  },
  {
    "model": "products.image",
    "pk": 0,
    "fields": {
      "product": 1080,
      "url": "https://www.laced.com/products/grey-i-5923",
      "image": null,
      "lg_image": null,
      "md_image": null,
      "sm_image": null,
      "tn_image": null
    }
  },
  {
    "model": "products.image",
    "pk": 0,
    "fields": {
      "product": 1092,
      "url": "https://www.laced.com/products/tactile-green-speedfactory-am4par",
      "image": null,
      "lg_image": null,
      "md_image": null,
      "sm_image": null,
      "tn_image": null
    }
  },
  {
    "model": "products.image",
    "pk": 0,
    "fields": {
      "product": 1095,
      "url": "https://www.laced.com/products/kamanda-x-neighborhood",
      "image": null,
      "lg_image": null,
      "md_image": null,
      "sm_image": null,
      "tn_image": null
    }
  },
  {
    "model": "products.image",
    "pk": 0,
    "fields": {
      "product": 1098,
      "url": "https://www.laced.com/products/black-tubular-radial",
      "image": null,
      "lg_image": null,
      "md_image": null,
      "sm_image": null,
      "tn_image": null
    }
  },
  {
    "model": "products.image",
    "pk": 0,
    "fields": {
      "product": 1100,
      "url": "https://www.laced.com/products/adidas-y-3-runner-4d-black-sesame",
      "image": null,
      "lg_image": null,
      "md_image": null,
      "sm_image": null,
      "tn_image": null
    }
  },
  {
    "model": "products.image",
    "pk": 0,
    "fields": {
      "product": 1105,
      "url": "https://www.laced.com/products/adidas-yung-1-x-end-atmosphere",
      "image": null,
      "lg_image": null,
      "md_image": null,
      "sm_image": null,
      "tn_image": null
    }
  },
  {
    "model": "products.image",
    "pk": 0,
    "fields": {
      "product": 1115,
      "url": "https://www.laced.com/products/adidas-campus-00s-core-black",
      "image": null,
      "lg_image": null,
      "md_image": null,
      "sm_image": null,
      "tn_image": null
    }
  },
  {
    "model": "products.image",
    "pk": 0,
    "fields": {
      "product": 1118,
      "url": "https://www.laced.com/products/gum-sole-busenitz",
      "image": null,
      "lg_image": null,
      "md_image": null,
      "sm_image": null,
      "tn_image": null
    }
  },
  {
    "model": "products.image",
    "pk": 0,
    "fields": {
      "product": 1121,
      "url": "https://www.laced.com/products/i-5923-x-neighborhood",
      "image": null,
      "lg_image": null,
      "md_image": null,
      "sm_image": null,
      "tn_image": null
    }
  },
  {
    "model": "products.image",
    "pk": 0,
    "fields": {
      "product": 1124,
      "url": "https://www.laced.com/products/blue-falcon-w",
      "image": null,
      "lg_image": null,
      "md_image": null,
      "sm_image": null,
      "tn_image": null
    }
  },
  {
    "model": "products.image",
    "pk": 0,
    "fields": {
      "product": 1125,
      "url": "https://www.laced.com/products/grey-swift-run",
      "image": null,
      "lg_image": null,
      "md_image": null,
      "sm_image": null,
      "tn_image": null
    }
  },
  {
    "model": "products.image",
    "pk": 0,
    "fields": {
      "product": 1129,
      "url": "https://www.laced.com/products/adidas-crazy-1-sunshine-2022",
      "image": null,
      "lg_image": null,
      "md_image": null,
      "sm_image": null,
      "tn_image": null
    }
  },
  {
    "model": "products.image",
    "pk": 0,
    "fields": {
      "product": 1137,
      "url": "https://www.laced.com/products/black-gold-metallic-swift-run-w",
      "image": null,
      "lg_image": null,
      "md_image": null,
      "sm_image": null,
      "tn_image": null
    }
  },
  {
    "model": "products.image",
    "pk": 0,
    "fields": {
      "product": 1138,
      "url": "https://www.laced.com/products/maroon-tubular-shadow",
      "image": null,
      "lg_image": null,
      "md_image": null,
      "sm_image": null,
      "tn_image": null
    }
  },
  {
    "model": "products.image",
    "pk": 0,
    "fields": {
      "product": 1141,
      "url": "https://www.laced.com/products/white-speedfactory-ldn",
      "image": null,
      "lg_image": null,
      "md_image": null,
      "sm_image": null,
      "tn_image": null
    }
  },
  {
    "model": "products.image",
    "pk": 0,
    "fields": {
      "product": 1145,
      "url": "https://www.laced.com/products/iman-shumpert-top-ten-2000",
      "image": null,
      "lg_image": null,
      "md_image": null,
      "sm_image": null,
      "tn_image": null
    }
  },
  {
    "model": "products.image",
    "pk": 0,
    "fields": {
      "product": 1159,
      "url": "https://www.laced.com/products/white-grey-gazelle-w",
      "image": null,
      "lg_image": null,
      "md_image": null,
      "sm_image": null,
      "tn_image": null
    }
  },
  {
    "model": "products.image",
    "pk": 0,
    "fields": {
      "product": 1164,
      "url": "https://www.laced.com/products/black-mint-y-3-runner-4d-ii",
      "image": null,
      "lg_image": null,
      "md_image": null,
      "sm_image": null,
      "tn_image": null
    }
  },
  {
    "model": "products.image",
    "pk": 0,
    "fields": {
      "product": 1169,
      "url": "https://www.laced.com/products/ivy-park-x-adidas-supersleek-72-icy-park",
      "image": null,
      "lg_image": null,
      "md_image": null,
      "sm_image": null,
      "tn_image": null
    }
  },
  {
    "model": "products.image",
    "pk": 0,
    "fields": {
      "product": 1178,
      "url": "https://www.laced.com/products/adidas-yung-1-x-size-ochre-womens",
      "image": null,
      "lg_image": null,
      "md_image": null,
      "sm_image": null,
      "tn_image": null
    }
  },
  {
    "model": "products.image",
    "pk": 0,
    "fields": {
      "product": 1191,
      "url": "https://www.laced.com/products/adidas-spezial-italia-x-c-p-company",
      "image": null,
      "lg_image": null,
      "md_image": null,
      "sm_image": null,
      "tn_image": null
    }
  },
  {
    "model": "products.image",
    "pk": 0,
    "fields": {
      "product": 1200,
      "url": "https://www.laced.com/products/tonal-pink-tubular-doom",
      "image": null,
      "lg_image": null,
      "md_image": null,
      "sm_image": null,
      "tn_image": null
    }
  },
  {
    "model": "products.image",
    "pk": 0,
    "fields": {
      "product": 1204,
      "url": "https://www.laced.com/products/adidas-x-size-anniversary-city-series-shanghai-2020",
      "image": null,
      "lg_image": null,
      "md_image": null,
      "sm_image": null,
      "tn_image": null
    }
  },
  {
    "model": "products.image",
    "pk": 0,
    "fields": {
      "product": 1208,
      "url": "https://www.laced.com/products/adidas-mccarten-x-the-simpsons-ned-flanders",
      "image": null,
      "lg_image": null,
      "md_image": null,
      "sm_image": null,
      "tn_image": null
    }
  },
  {
    "model": "products.image",
    "pk": 0,
    "fields": {
      "product": 1209,
      "url": "https://www.laced.com/products/black-pink-falcon-w",
      "image": null,
      "lg_image": null,
      "md_image": null,
      "sm_image": null,
      "tn_image": null
    }
  },
  {
    "model": "products.image",
    "pk": 0,
    "fields": {
      "product": 1211,
      "url": "https://www.laced.com/products/red-flashback-w",
      "image": null,
      "lg_image": null,
      "md_image": null,
      "sm_image": null,
      "tn_image": null
    }
  },
  {
    "model": "products.image",
    "pk": 0,
    "fields": {
      "product": 1218,
      "url": "https://www.laced.com/products/collegiate-green-iniki-runner",
      "image": null,
      "lg_image": null,
      "md_image": null,
      "sm_image": null,
      "tn_image": null
    }
  },
  {
    "model": "products.image",
    "pk": 0,
    "fields": {
      "product": 1224,
      "url": "https://www.laced.com/products/star-wars-x-adidas-rivalry-hi-chewbacca",
      "image": null,
      "lg_image": null,
      "md_image": null,
      "sm_image": null,
      "tn_image": null
    }
  },
  {
    "model": "products.image",
    "pk": 0,
    "fields": {
      "product": 1229,
      "url": "https://www.laced.com/products/white-bball-x-alexander-wang",
      "image": null,
      "lg_image": null,
      "md_image": null,
      "sm_image": null,
      "tn_image": null
    }
  },
  {
    "model": "products.image",
    "pk": 0,
    "fields": {
      "product": 1241,
      "url": "https://www.laced.com/products/zx-flux-e6a1083c-ba4a-44e9-a383-0ce8cf9baef0",
      "image": null,
      "lg_image": null,
      "md_image": null,
      "sm_image": null,
      "tn_image": null
    }
  },
  {
    "model": "products.image",
    "pk": 0,
    "fields": {
      "product": 1242,
      "url": "https://www.laced.com/products/originals-bball-soccer-bold-orange-x-alexander-wang",
      "image": null,
      "lg_image": null,
      "md_image": null,
      "sm_image": null,
      "tn_image": null
    }
  },
  {
    "model": "products.image",
    "pk": 0,
    "fields": {
      "product": 1251,
      "url": "https://www.laced.com/products/adidas-originals-earlham-tsitsipas",
      "image": null,
      "lg_image": null,
      "md_image": null,
      "sm_image": null,
      "tn_image": null
    }
  },
  {
    "model": "products.image",
    "pk": 0,
    "fields": {
      "product": 1255,
      "url": "https://www.laced.com/products/white-tubular-shadow",
      "image": null,
      "lg_image": null,
      "md_image": null,
      "sm_image": null,
      "tn_image": null
    }
  },
  {
    "model": "products.image",
    "pk": 0,
    "fields": {
      "product": 1260,
      "url": "https://www.laced.com/products/adidas-zx-9000-x-concepts",
      "image": null,
      "lg_image": null,
      "md_image": null,
      "sm_image": null,
      "tn_image": null
    }
  },
  {
    "model": "products.image",
    "pk": 0,
    "fields": {
      "product": 1265,
      "url": "https://www.laced.com/products/white-tubular-radial-primeknit",
      "image": null,
      "lg_image": null,
      "md_image": null,
      "sm_image": null,
      "tn_image": null
    }
  },
  {
    "model": "products.image",
    "pk": 0,
    "fields": {
      "product": 1271,
      "url": "https://www.laced.com/products/adidas-x-bad-bunny-forum-low-back-to-school",
      "image": null,
      "lg_image": null,
      "md_image": null,
      "sm_image": null,
      "tn_image": null
    }
  },
  {
    "model": "products.image",
    "pk": 0,
    "fields": {
      "product": 1280,
      "url": "https://www.laced.com/products/adidas-crazy-1-x-kobe-bryant-stormtrooper",
      "image": null,
      "lg_image": null,
      "md_image": null,
      "sm_image": null,
      "tn_image": null
    }
  },
  {
    "model": "products.image",
    "pk": 0,
    "fields": {
      "product": 1283,
      "url": "https://www.laced.com/products/black-tubular-shadow",
      "image": null,
      "lg_image": null,
      "md_image": null,
      "sm_image": null,
      "tn_image": null
    }
  },
  {
    "model": "products.image",
    "pk": 0,
    "fields": {
      "product": 1287,
      "url": "https://www.laced.com/products/quickstrike-pro-model-80s",
      "image": null,
      "lg_image": null,
      "md_image": null,
      "sm_image": null,
      "tn_image": null
    }
  },
  {
    "model": "products.image",
    "pk": 0,
    "fields": {
      "product": 1288,
      "url": "https://www.laced.com/products/adidas-kamanda-burgundy-gum",
      "image": null,
      "lg_image": null,
      "md_image": null,
      "sm_image": null,
      "tn_image": null
    }
  },
  {
    "model": "products.image",
    "pk": 0,
    "fields": {
      "product": 1289,
      "url": "https://www.laced.com/products/dark-marine-zx-flux",
      "image": null,
      "lg_image": null,
      "md_image": null,
      "sm_image": null,
      "tn_image": null
    }
  },
  {
    "model": "products.image",
    "pk": 0,
    "fields": {
      "product": 1297,
      "url": "https://www.laced.com/products/adidas-originals-stockholm-royal-blue-yellow",
      "image": null,
      "lg_image": null,
      "md_image": null,
      "sm_image": null,
      "tn_image": null
    }
  },
  {
    "model": "products.image",
    "pk": 0,
    "fields": {
      "product": 1298,
      "url": "https://www.laced.com/products/black-aw-run-x-alexander-wang",
      "image": null,
      "lg_image": null,
      "md_image": null,
      "sm_image": null,
      "tn_image": null
    }
  },
  {
    "model": "products.image",
    "pk": 0,
    "fields": {
      "product": 1312,
      "url": "https://www.laced.com/products/adidas-superturf-x-sean-wotherspoon-x-disney-adventure-jiminy-cricket",
      "image": null,
      "lg_image": null,
      "md_image": null,
      "sm_image": null,
      "tn_image": null
    }
  },
  {
    "model": "products.image",
    "pk": 0,
    "fields": {
      "product": 1314,
      "url": "https://www.laced.com/products/night-navu-tubular-radial",
      "image": null,
      "lg_image": null,
      "md_image": null,
      "sm_image": null,
      "tn_image": null
    }
  },
  {
    "model": "products.image",
    "pk": 0,
    "fields": {
      "product": 1326,
      "url": "https://www.laced.com/products/adidas-y-3-runner-4d-ii-white-bone",
      "image": null,
      "lg_image": null,
      "md_image": null,
      "sm_image": null,
      "tn_image": null
    }
  },
  {
    "model": "products.image",
    "pk": 0,
    "fields": {
      "product": 1334,
      "url": "https://www.laced.com/products/black-tubular-nova",
      "image": null,
      "lg_image": null,
      "md_image": null,
      "sm_image": null,
      "tn_image": null
    }
  },
  {
    "model": "products.image",
    "pk": 0,
    "fields": {
      "product": 1340,
      "url": "https://www.laced.com/products/adidas-adifom-q-white",
      "image": null,
      "lg_image": null,
      "md_image": null,
      "sm_image": null,
      "tn_image": null
    }
  },
  {
    "model": "products.image",
    "pk": 0,
    "fields": {
      "product": 1361,
      "url": "https://www.laced.com/products/adidas-runner-4d-aqua",
      "image": null,
      "lg_image": null,
      "md_image": null,
      "sm_image": null,
      "tn_image": null
    }
  },
  {
    "model": "products.image",
    "pk": 0,
    "fields": {
      "product": 1368,
      "url": "https://www.laced.com/products/adidas-forum-buckle-low-x-bad-bunny-pink",
      "image": null,
      "lg_image": null,
      "md_image": null,
      "sm_image": null,
      "tn_image": null
    }
  },
  {
    "model": "products.image",
    "pk": 0,
    "fields": {
      "product": 1375,
      "url": "https://www.laced.com/products/adidas-nite-jogger-triple-white",
      "image": null,
      "lg_image": null,
      "md_image": null,
      "sm_image": null,
      "tn_image": null
    }
  },
  {
    "model": "products.image",
    "pk": 0,
    "fields": {
      "product": 1378,
      "url": "https://www.laced.com/products/adidas-micropacer-x-star-wars",
      "image": null,
      "lg_image": null,
      "md_image": null,
      "sm_image": null,
      "tn_image": null
    }
  },
  {
    "model": "products.image",
    "pk": 0,
    "fields": {
      "product": 1380,
      "url": "https://www.laced.com/products/adidas-4dfwd-2-carbon",
      "image": null,
      "lg_image": null,
      "md_image": null,
      "sm_image": null,
      "tn_image": null
    }
  },
  {
    "model": "products.image",
    "pk": 0,
    "fields": {
      "product": 1384,
      "url": "https://www.laced.com/products/adidas-microbounce-t1-x-kerwin-frost-mult-color",
      "image": null,
      "lg_image": null,
      "md_image": null,
      "sm_image": null,
      "tn_image": null
    }
  },
  {
    "model": "products.image",
    "pk": 0,
    "fields": {
      "product": 1460,
      "url": "https://www.laced.com/products/air-jordan-1-lv8d-elevated-unc-womens",
      "image": null,
      "lg_image": null,
      "md_image": null,
      "sm_image": null,
      "tn_image": null
    }
  },
  {
    "model": "products.image",
    "pk": 0,
    "fields": {
      "product": 1477,
      "url": "https://www.laced.com/products/air-jordan-1-low-cardinal-red",
      "image": null,
      "lg_image": null,
      "md_image": null,
      "sm_image": null,
      "tn_image": null
    }
  },
  {
    "model": "products.image",
    "pk": 0,
    "fields": {
      "product": 1758,
      "url": "https://www.laced.com/products/air-jordan-1-low-ashen-slate",
      "image": null,
      "lg_image": null,
      "md_image": null,
      "sm_image": null,
      "tn_image": null
    }
  },
  {
    "model": "products.image",
    "pk": 0,
    "fields": {
      "product": 1931,
      "url": "https://www.laced.com/products/air-jordan-series-x-mid-maison-chateau-rouge-sail",
      "image": null,
      "lg_image": null,
      "md_image": null,
      "sm_image": null,
      "tn_image": null
    }
  },
  {
    "model": "products.image",
    "pk": 0,
    "fields": {
      "product": 1941,
      "url": "https://www.laced.com/products/air-jordan-6-georgetown",
      "image": null,
      "lg_image": null,
      "md_image": null,
      "sm_image": null,
      "tn_image": null
    }
  },
  {
    "model": "products.image",
    "pk": 0,
    "fields": {
      "product": 2391,
      "url": "https://www.laced.com/products/air-jordan-1-mid-se-zen-master",
      "image": null,
      "lg_image": null,
      "md_image": null,
      "sm_image": null,
      "tn_image": null
    }
  },
  {
    "model": "products.image",
    "pk": 0,
    "fields": {
      "product": 2962,
      "url": "https://www.laced.com/products/new-balance-998-grey-day-made-in-usa-grey-silver",
      "image": null,
      "lg_image": null,
      "md_image": null,
      "sm_image": null,
      "tn_image": null
    }
  },
  {
    "model": "products.image",
    "pk": 0,
    "fields": {
      "product": 3401,
      "url": "https://www.laced.com/products/new-balance-fuel-cell-c_1-x-stone-island-tan",
      "image": null,
      "lg_image": null,
      "md_image": null,
      "sm_image": null,
      "tn_image": null
    }
  },
  {
    "model": "products.image",
    "pk": 0,
    "fields": {
      "product": 3465,
      "url": "https://www.laced.com/products/new-balance-fuel-cell-c_1-x-stone-island-brown",
      "image": null,
      "lg_image": null,
      "md_image": null,
      "sm_image": null,
      "tn_image": null
    }
  },
  {
    "model": "products.image",
    "pk": 0,
    "fields": {
      "product": 3877,
      "url": "https://www.laced.com/products/tom-sachs-x-nikecraft-mars-yard-overshoe",
      "image": null,
      "lg_image": null,
      "md_image": null,
      "sm_image": null,
      "tn_image": null
    }
  },
  {
    "model": "products.image",
    "pk": 0,
    "fields": {
      "product": 3981,
      "url": "https://www.laced.com/products/nike-hot-step-air-terra-x-nocta-white-chrome",
      "image": null,
      "lg_image": null,
      "md_image": null,
      "sm_image": null,
      "tn_image": null
    }
  },
  {
    "model": "products.image",
    "pk": 0,
    "fields": {
      "product": 4133,
      "url": "https://www.laced.com/products/nike-kwondo-1-x-peaceminusone-panda",
      "image": null,
      "lg_image": null,
      "md_image": null,
      "sm_image": null,
      "tn_image": null
    }
  },
  {
    "model": "products.image",
    "pk": 0,
    "fields": {
      "product": 4144,
      "url": "https://www.laced.com/products/nike-kobe-6-protro-pop-del-sol-white",
      "image": null,
      "lg_image": null,
      "md_image": null,
      "sm_image": null,
      "tn_image": null
    }
  },
  {
    "model": "products.image",
    "pk": 0,
    "fields": {
      "product": 4246,
      "url": "https://www.laced.com/products/nike-acg-air-moc-3-5-hot-pink",
      "image": null,
      "lg_image": null,
      "md_image": null,
      "sm_image": null,
      "tn_image": null
    }
  },
  {
    "model": "products.image",
    "pk": 0,
    "fields": {
      "product": 4284,
      "url": "https://www.laced.com/products/nike-overbreak-sp-mars-yard",
      "image": null,
      "lg_image": null,
      "md_image": null,
      "sm_image": null,
      "tn_image": null
    }
  },
  {
    "model": "products.image",
    "pk": 0,
    "fields": {
      "product": 4308,
      "url": "https://www.laced.com/products/nike-blazer-77-vintage-mid-white-womens",
      "image": null,
      "lg_image": null,
      "md_image": null,
      "sm_image": null,
      "tn_image": null
    }
  },
  {
    "model": "products.image",
    "pk": 0,
    "fields": {
      "product": 4358,
      "url": "https://www.laced.com/products/nike-x-stussy-kikini-black",
      "image": null,
      "lg_image": null,
      "md_image": null,
      "sm_image": null,
      "tn_image": null
    }
  },
  {
    "model": "products.image",
    "pk": 0,
    "fields": {
      "product": 4367,
      "url": "https://www.laced.com/products/nike-kobe-6-protro-mambacita",
      "image": null,
      "lg_image": null,
      "md_image": null,
      "sm_image": null,
      "tn_image": null
    }
  },
  {
    "model": "products.image",
    "pk": 0,
    "fields": {
      "product": 4502,
      "url": "https://www.laced.com/products/nike-dunk-low-argon-td",
      "image": null,
      "lg_image": null,
      "md_image": null,
      "sm_image": null,
      "tn_image": null
    }
  },
  {
    "model": "products.image",
    "pk": 0,
    "fields": {
      "product": 4509,
      "url": "https://www.laced.com/products/nike-kobe-6-protro-grinch",
      "image": null,
      "lg_image": null,
      "md_image": null,
      "sm_image": null,
      "tn_image": null
    }
  },
  {
    "model": "products.image",
    "pk": 0,
    "fields": {
      "product": 4512,
      "url": "https://www.laced.com/products/nike-dunk-high-dark-beetroot",
      "image": null,
      "lg_image": null,
      "md_image": null,
      "sm_image": null,
      "tn_image": null
    }
  },
  {
    "model": "products.image",
    "pk": 0,
    "fields": {
      "product": 4539,
      "url": "https://www.laced.com/products/nike-hot-step-air-terra-x-nocta-snakeskin",
      "image": null,
      "lg_image": null,
      "md_image": null,
      "sm_image": null,
      "tn_image": null
    }
  },
  {
    "model": "products.image",
    "pk": 0,
    "fields": {
      "product": 4548,
      "url": "https://www.laced.com/products/nike-react-phantom-run-flyknit-grey",
      "image": null,
      "lg_image": null,
      "md_image": null,
      "sm_image": null,
      "tn_image": null
    }
  },
  {
    "model": "products.image",
    "pk": 0,
    "fields": {
      "product": 4560,
      "url": "https://www.laced.com/products/nike-ispa-link-black-medium-olive",
      "image": null,
      "lg_image": null,
      "md_image": null,
      "sm_image": null,
      "tn_image": null
    }
  },
  {
    "model": "products.image",
    "pk": 0,
    "fields": {
      "product": 4615,
      "url": "https://www.laced.com/products/nike-x-stussy-kukini-white",
      "image": null,
      "lg_image": null,
      "md_image": null,
      "sm_image": null,
      "tn_image": null
    }
  },
  {
    "model": "products.image",
    "pk": 0,
    "fields": {
      "product": 4672,
      "url": "https://www.laced.com/products/nike-ispa-link-barley-desert-moss",
      "image": null,
      "lg_image": null,
      "md_image": null,
      "sm_image": null,
      "tn_image": null
    }
  },
  {
    "model": "products.image",
    "pk": 0,
    "fields": {
      "product": 4695,
      "url": "https://www.laced.com/products/nike-hot-step-air-terra-drake-nocta-black-university-gold",
      "image": null,
      "lg_image": null,
      "md_image": null,
      "sm_image": null,
      "tn_image": null
    }
  },
  {
    "model": "products.image",
    "pk": 0,
    "fields": {
      "product": 4860,
      "url": "https://www.laced.com/products/nike-air-alpha-force-88-white-grey",
      "image": null,
      "lg_image": null,
      "md_image": null,
      "sm_image": null,
      "tn_image": null
    }
  },
  {
    "model": "products.image",
    "pk": 0,
    "fields": {
      "product": 5043,
      "url": "https://www.laced.com/products/ugg-oh-yeah-spots-slide-black-womens",
      "image": null,
      "lg_image": null,
      "md_image": null,
      "sm_image": null,
      "tn_image": null
    }
  }
]