[
  {
    "pk": 81,
    "url": "https://www.laced.com/products/yeezy-boost-700-v3-mono-safflower"
  },
  {
    "pk": 84,
    "url": "https://www.laced.com/products/yeezy-500-ash-grey"
  },
  {
    "pk": 91,
    "url": "https://www.laced.com/products/yeezy-450-cinder"
  },
  {
    "pk": 136,
    "url": "https://www.laced.com/products/yeezy-qntm-barium"
  },
  {
    "pk": 148,
    "url": "https://www.laced.com/products/yeezy-qntm-quantum"
  },
  {
    "pk": 152,
    "url": "https://www.laced.com/products/yeezy-qntm-flash-orange"
  },
  {
    "pk": 178,
    "url": "https://www.laced.com/products/yeezy-slide-onyx-infants"
  },
  {
    "pk": 201,
    "url": "https://www.laced.com/products/yeezy-boost-350-v2-beluga-reflective-kids"
  },
  {
    "pk": 226,
    "url": "https://www.laced.com/products/yeezy-500-blush-kids"
  },
  {
    "pk": 228,
    "url": "https://www.laced.com/products/yeezy-qntm-sea-teal"
  },
  {
    "pk": 332,
    "url": "https://www.laced.com/products/air-yeezy-2-sp-red-october"
  },
  {
    "pk": 343,
    "url": "https://www.laced.com/products/yeezy-basketball-quantum"
  },
  {
    "pk": 362,
    "url": "https://www.laced.com/products/yeezy-qntm-lifestyle-model-infants"
  },
  {
    "pk": 366,
    "url": "https://www.laced.com/products/roshe-run-fb-yeezy"
  },
  {
    "pk": 410,
    "url": "https://www.laced.com/products/clear-mint-falcon-w"
  },
  {
    "pk": 419,
    "url": "https://www.laced.com/products/continental-80-rascal-core-black"
  },
  {
    "pk": 435,
    "url": "https://www.laced.com/products/adidas-yung-1-x-dragon-ball-z-frieza"
  },
  {
    "pk": 438,
    "url": "https://www.laced.com/products/adidas-campus-adv-x-shin-sanbongi-black"
  },
  {
    "pk": 443,
    "url": "https://www.laced.com/products/campus"
  },
  {
    "pk": 447,
    "url": "https://www.laced.com/products/vintage-white-campus"
  },
  {
    "pk": 454,
    "url": "https://www.laced.com/products/adidas-continental-80-white-scarlet-navy"
  },
  {
    "pk": 455,
    "url": "https://www.laced.com/products/adidas-supermodified-x-korn-white-black"
  },
  {
    "pk": 463,
    "url": "https://www.laced.com/products/ash-green-campus"
  },
  {
    "pk": 474,
    "url": "https://www.laced.com/products/samba-w"
  },
  {
    "pk": 497,
    "url": "https://www.laced.com/products/continental-80-aero-blue"
  },
  {
    "pk": 511,
    "url": "https://www.laced.com/products/triple-white-zx-flux-w"
  },
  {
    "pk": 512,
    "url": "https://www.laced.com/products/adidas-x-overkill-equipment-csg-91"
  },
  {
    "pk": 515,
    "url": "https://www.laced.com/products/acid-house-yung-1-x-size"
  },
  {
    "pk": 535,
    "url": "https://www.laced.com/products/red-tubular-radial"
  },
  {
    "pk": 545,
    "url": "https://www.laced.com/products/collegiate-burgundy-campus"
  },
  {
    "pk": 546,
    "url": "https://www.laced.com/products/adidas-twinstrike-a-d"
  },
  {
    "pk": 558,
    "url": "https://www.laced.com/products/adidas-crazy-byw-x-eric-emanuel-burgundy"
  },
  {
    "pk": 560,
    "url": "https://www.laced.com/products/alphaedge-4d-ash-green"
  },
  {
    "pk": 566,
    "url": "https://www.laced.com/products/adidas-squash-polta-akh-x-craig-green"
  },
  {
    "pk": 577,
    "url": "https://www.laced.com/products/adidas-supersleek-72-beyonce-ivy-park-white-black-w"
  },
  {
    "pk": 589,
    "url": "https://www.laced.com/products/footpatrol-x-futurecraft-4d"
  },
  {
    "pk": 601,
    "url": "https://www.laced.com/products/ivy-park-x-adidas-super-sleek-72-black-w"
  },
  {
    "pk": 602,
    "url": "https://www.laced.com/products/cloud-white-falcon-w"
  },
  {
    "pk": 609,
    "url": "https://www.laced.com/products/solar-hu-glide-cloud-white-x-pharrell-w"
  },
  {
    "pk": 627,
    "url": "https://www.laced.com/products/adidas-zx-4000-4d-white-grey"
  },
  {
    "pk": 631,
    "url": "https://www.laced.com/products/originals-bball-soccer-core-black-x-alexander-wang"
  },
  {
    "pk": 632,
    "url": "https://www.laced.com/products/ivy-park-x-adidas-ultra-boost-electric-green"
  },
  {
    "pk": 636,
    "url": "https://www.laced.com/products/core-black-i-5923"
  },
  {
    "pk": 652,
    "url": "https://www.laced.com/products/bape-x-undefeated-x-adidas-zx-8000-green"
  },
  {
    "pk": 663,
    "url": "https://www.laced.com/products/4d-y-3-runner"
  },
  {
    "pk": 683,
    "url": "https://www.laced.com/products/clean-aw-run-x-alexander-wang"
  },
  {
    "pk": 692,
    "url": "https://www.laced.com/products/grey-flashback-w"
  },
  {
    "pk": 695,
    "url": "https://www.laced.com/products/all-white-tubular-nova"
  },
  {
    "pk": 700,
    "url": "https://www.laced.com/products/ash-blue-campus"
  },
  {
    "pk": 720,
    "url": "https://www.laced.com/products/adidas-crazy-byw-lvl-1-white"
  },
  {
    "pk": 736,
    "url": "https://www.laced.com/products/adidas-forum-low-x-jeremy-scott-dipped-green"
  },
  {
    "pk": 738,
    "url": "https://www.laced.com/products/pureboost-zg-x-kolor"
  },
  {
    "pk": 745,
    "url": "https://www.laced.com/products/tubular-viral-w"
  },
  {
    "pk": 765,
    "url": "https://www.laced.com/products/zx-500-son-goku-x-dragon-ball-z"
  },
  {
    "pk": 769,
    "url": "https://www.laced.com/products/red-zx-flux"
  },
  {
    "pk": 770,
    "url": "https://www.laced.com/products/adidas-forum-wings-1-0-jeremy-scott-money"
  },
  {
    "pk": 772,
    "url": "https://www.laced.com/products/falcon-triple-white-w"
  },
  {
    "pk": 777,
    "url": "https://www.laced.com/products/busenitz-x-undefeated"
  },
  {
    "pk": 778,
    "url": "https://www.laced.com/products/granite-zx-flux-shoes"
  },
  {
    "pk": 779,
    "url": "https://www.laced.com/products/london-am4ldn-speedfactory"
  },
  {
    "pk": 789,
    "url": "https://www.laced.com/products/black-crazy-byw-lvl-1"
  },
  {
    "pk": 798,
    "url": "https://www.laced.com/products/cloud-white-yung-1"
  },
  {
    "pk": 801,
    "url": "https://www.laced.com/products/adidas-ultra-4d-oreo"
  },
  {
    "pk": 808,
    "url": "https://www.laced.com/products/adidas-campus-light-x-bad-bunny-chalky-brown"
  },
  {
    "pk": 825,
    "url": "https://www.laced.com/products/navy-i-5923-w"
  },
  {
    "pk": 826,
    "url": "https://www.laced.com/products/black-boost-i-5923"
  },
  {
    "pk": 835,
    "url": "https://www.laced.com/products/adidas-zx-9000-gore-tex-underground-black"
  },
  {
    "pk": 845,
    "url": "https://www.laced.com/products/olive-adizero-primeknit-boost"
  },
  {
    "pk": 849,
    "url": "https://www.laced.com/products/adidas-manchester-89-spzl-dark-blue"
  },
  {
    "pk": 853,
    "url": "https://www.laced.com/products/adidas-x-human-made-adi-matic-dust-green-cream-white-and-brow"
  },
  {
    "pk": 858,
    "url": "https://www.laced.com/products/watermelon-falcon-w"
  },
  {
    "pk": 861,
    "url": "https://www.laced.com/products/new-york-x-daniel-arsham"
  },
  {
    "pk": 865,
    "url": "https://www.laced.com/products/run-thru-time-energy-boost"
  },
  {
    "pk": 868,
    "url": "https://www.laced.com/products/adidas-top-ten-hi-star-wars-boba-fett"
  },
  {
    "pk": 883,
    "url": "https://www.laced.com/products/bape-x-undefeated-x-adidas-zx-8000-black-gum"
  },
  {
    "pk": 894,
    "url": "https://www.laced.com/products/sean-wotherspoon-x-adidas-zx-8000-super-earth"
  },
  {
    "pk": 905,
    "url": "https://www.laced.com/products/adidas-dublin-blue-red"
  },
  {
    "pk": 907,
    "url": "https://www.laced.com/products/ambition-crazy-byw-x-pharrell"
  },
  {
    "pk": 911,
    "url": "https://www.laced.com/products/triple-black-yung-1"
  },
  {
    "pk": 921,
    "url": "https://www.laced.com/products/adidas-tyshawn-x-spitfire-black"
  },
  {
    "pk": 925,
    "url": "https://www.laced.com/products/response-trail-x-kith-aspen"
  },
  {
    "pk": 946,
    "url": "https://www.laced.com/products/adidas-futurecraft-4d-chalk-white"
  },
  {
    "pk": 962,
    "url": "https://www.laced.com/products/energy-blue-energy-boost-x-packer-shoes-x-solebox"
  },
  {
    "pk": 965,
    "url": "https://www.laced.com/products/adidas-sl72-x-wales-bonner-green"
  },
  {
    "pk": 966,
    "url": "https://www.laced.com/products/adidas-x-size-i-5923-hawaiian-thunderstorm"
  },
  {
    "pk": 968,
    "url": "https://www.laced.com/products/adidas-sl72-x-wales-bonner-chocolate"
  },
  {
    "pk": 981,
    "url": "https://www.laced.com/products/continental-80-semi-frozen-yellow"
  },
  {
    "pk": 982,
    "url": "https://www.laced.com/products/bad-bunny-x-adidas-response-cl"
  },
  {
    "pk": 986,
    "url": "https://www.laced.com/products/white-black-i-5923"
  },
  {
    "pk": 987,
    "url": "https://www.laced.com/products/trace-scarlet-campus"
  },
  {
    "pk": 1036,
    "url": "https://www.laced.com/products/london-iniki-runner"
  },
  {
    "pk": 1060,
    "url": "https://www.laced.com/products/clear-pink-continental-80"
  },
  {
    "pk": 1067,
    "url": "https://www.laced.com/products/torsion-integral-s-x-sneaker-freaker"
  },
  {
    "pk": 1068,
    "url": "https://www.laced.com/products/adidas-microbounce-t1-x-kerwin-frost-bright-royal"
  },
  {
    "pk": 1069,
    "url": "https://www.laced.com/products/copper-zx-flux-w"
  },
  {
    "pk": 1080,
    "url": "https://www.laced.com/products/grey-i-5923"
  },
  {
    "pk": 1092,
    "url": "https://www.laced.com/products/tactile-green-speedfactory-am4par"
  },
  {
    "pk": 1095,
    "url": "https://www.laced.com/products/kamanda-x-neighborhood"
  },
  {
    "pk": 1098,
    "url": "https://www.laced.com/products/black-tubular-radial"
  },
  {
    "pk": 1100,
    "url": "https://www.laced.com/products/adidas-y-3-runner-4d-black-sesame"
  },
  {
    "pk": 1105,
    "url": "https://www.laced.com/products/adidas-yung-1-x-end-atmosphere"
  },
  {
    "pk": 1115,
    "url": "https://www.laced.com/products/adidas-campus-00s-core-black"
  },
  {
    "pk": 1118,
    "url": "https://www.laced.com/products/gum-sole-busenitz"
  },
  {
    "pk": 1121,
    "url": "https://www.laced.com/products/i-5923-x-neighborhood"
  },
  {
    "pk": 1124,
    "url": "https://www.laced.com/products/blue-falcon-w"
  },
  {
    "pk": 1125,
    "url": "https://www.laced.com/products/grey-swift-run"
  },
  {
    "pk": 1129,
    "url": "https://www.laced.com/products/adidas-crazy-1-sunshine-2022"
  },
  {
    "pk": 1137,
    "url": "https://www.laced.com/products/black-gold-metallic-swift-run-w"
  },
  {
    "pk": 1138,
    "url": "https://www.laced.com/products/maroon-tubular-shadow"
  },
  {
    "pk": 1141,
    "url": "https://www.laced.com/products/white-speedfactory-ldn"
  },
  {
    "pk": 1145,
    "url": "https://www.laced.com/products/iman-shumpert-top-ten-2000"
  },
  {
    "pk": 1159,
    "url": "https://www.laced.com/products/white-grey-gazelle-w"
  },
  {
    "pk": 1164,
    "url": "https://www.laced.com/products/black-mint-y-3-runner-4d-ii"
  },
  {
    "pk": 1169,
    "url": "https://www.laced.com/products/ivy-park-x-adidas-supersleek-72-icy-park"
  },
  {
    "pk": 1178,
    "url": "https://www.laced.com/products/adidas-yung-1-x-size-ochre-womens"
  },
  {
    "pk": 1191,
    "url": "https://www.laced.com/products/adidas-spezial-italia-x-c-p-company"
  },
  {
    "pk": 1200,
    "url": "https://www.laced.com/products/tonal-pink-tubular-doom"
  },
  {
    "pk": 1204,
    "url": "https://www.laced.com/products/adidas-x-size-anniversary-city-series-shanghai-2020"
  },
  {
    "pk": 1208,
    "url": "https://www.laced.com/products/adidas-mccarten-x-the-simpsons-ned-flanders"
  },
  {
    "pk": 1209,
    "url": "https://www.laced.com/products/black-pink-falcon-w"
  },
  {
    "pk": 1211,
    "url": "https://www.laced.com/products/red-flashback-w"
  },
  {
    "pk": 1218,
    "url": "https://www.laced.com/products/collegiate-green-iniki-runner"
  },
  {
    "pk": 1224,
    "url": "https://www.laced.com/products/star-wars-x-adidas-rivalry-hi-chewbacca"
  },
  {
    "pk": 1229,
    "url": "https://www.laced.com/products/white-bball-x-alexander-wang"
  },
  {
    "pk": 1241,
    "url": "https://www.laced.com/products/zx-flux-e6a1083c-ba4a-44e9-a383-0ce8cf9baef0"
  },
  {
    "pk": 1242,
    "url": "https://www.laced.com/products/originals-bball-soccer-bold-orange-x-alexander-wang"
  },
  {
    "pk": 1251,
    "url": "https://www.laced.com/products/adidas-originals-earlham-tsitsipas"
  },
  {
    "pk": 1255,
    "url": "https://www.laced.com/products/white-tubular-shadow"
  },
  {
    "pk": 1260,
    "url": "https://www.laced.com/products/adidas-zx-9000-x-concepts"
  },
  {
    "pk": 1265,
    "url": "https://www.laced.com/products/white-tubular-radial-primeknit"
  },
  {
    "pk": 1271,
    "url": "https://www.laced.com/products/adidas-x-bad-bunny-forum-low-back-to-school"
  },
  {
    "pk": 1280,
    "url": "https://www.laced.com/products/adidas-crazy-1-x-kobe-bryant-stormtrooper"
  },
  {
    "pk": 1283,
    "url": "https://www.laced.com/products/black-tubular-shadow"
  },
  {
    "pk": 1287,
    "url": "https://www.laced.com/products/quickstrike-pro-model-80s"
  },
  {
    "pk": 1288,
    "url": "https://www.laced.com/products/adidas-kamanda-burgundy-gum"
  },
  {
    "pk": 1289,
    "url": "https://www.laced.com/products/dark-marine-zx-flux"
  },
  {
    "pk": 1297,
    "url": "https://www.laced.com/products/adidas-originals-stockholm-royal-blue-yellow"
  },
  {
    "pk": 1298,
    "url": "https://www.laced.com/products/black-aw-run-x-alexander-wang"
  },
  {
    "pk": 1312,
    "url": "https://www.laced.com/products/adidas-superturf-x-sean-wotherspoon-x-disney-adventure-jiminy-cricket"
  },
  {
    "pk": 1314,
    "url": "https://www.laced.com/products/night-navu-tubular-radial"
  },
  {
    "pk": 1326,
    "url": "https://www.laced.com/products/adidas-y-3-runner-4d-ii-white-bone"
  },
  {
    "pk": 1334,
    "url": "https://www.laced.com/products/black-tubular-nova"
  },
  {
    "pk": 1340,
    "url": "https://www.laced.com/products/adidas-adifom-q-white"
  },
  {
    "pk": 1361,
    "url": "https://www.laced.com/products/adidas-runner-4d-aqua"
  },
  {
    "pk": 1368,
    "url": "https://www.laced.com/products/adidas-forum-buckle-low-x-bad-bunny-pink"
  },
  {
    "pk": 1375,
    "url": "https://www.laced.com/products/adidas-nite-jogger-triple-white"
  },
  {
    "pk": 1378,
    "url": "https://www.laced.com/products/adidas-micropacer-x-star-wars"
  },
  {
    "pk": 1380,
    "url": "https://www.laced.com/products/adidas-4dfwd-2-carbon"
  },
  {
    "pk": 1384,
    "url": "https://www.laced.com/products/adidas-microbounce-t1-x-kerwin-frost-mult-color"
  },
  {
    "pk": 1460,
    "url": "https://www.laced.com/products/air-jordan-1-lv8d-elevated-unc-womens"
  },
  {
    "pk": 1477,
    "url": "https://www.laced.com/products/air-jordan-1-low-cardinal-red"
  },
  {
    "pk": 1758,
    "url": "https://www.laced.com/products/air-jordan-1-low-ashen-slate"
  },
  {
    "pk": 1931,
    "url": "https://www.laced.com/products/air-jordan-series-x-mid-maison-chateau-rouge-sail"
  },
  {
    "pk": 1941,
    "url": "https://www.laced.com/products/air-jordan-6-georgetown"
  },
  {
    "pk": 2391,
    "url": "https://www.laced.com/products/air-jordan-1-mid-se-zen-master"
  },
  {
    "pk": 2962,
    "url": "https://www.laced.com/products/new-balance-998-grey-day-made-in-usa-grey-silver"
  },
  {
    "pk": 3401,
    "url": "https://www.laced.com/products/new-balance-fuel-cell-c_1-x-stone-island-tan"
  },
  {
    "pk": 3465,
    "url": "https://www.laced.com/products/new-balance-fuel-cell-c_1-x-stone-island-brown"
  },
  {
    "pk": 3877,
    "url": "https://www.laced.com/products/tom-sachs-x-nikecraft-mars-yard-overshoe"
  },
  {
    "pk": 3981,
    "url": "https://www.laced.com/products/nike-hot-step-air-terra-x-nocta-white-chrome"
  },
  {
    "pk": 4133,
    "url": "https://www.laced.com/products/nike-kwondo-1-x-peaceminusone-panda"
  },
  {
    "pk": 4144,
    "url": "https://www.laced.com/products/nike-kobe-6-protro-pop-del-sol-white"
  },
  {
    "pk": 4246,
    "url": "https://www.laced.com/products/nike-acg-air-moc-3-5-hot-pink"
  },
  {
    "pk": 4284,
    "url": "https://www.laced.com/products/nike-overbreak-sp-mars-yard"
  },
  {
    "pk": 4308,
    "url": "https://www.laced.com/products/nike-blazer-77-vintage-mid-white-womens"
  },
  {
    "pk": 4358,
    "url": "https://www.laced.com/products/nike-x-stussy-kikini-black"
  },
  {
    "pk": 4367,
    "url": "https://www.laced.com/products/nike-kobe-6-protro-mambacita"
  },
  {
    "pk": 4502,
    "url": "https://www.laced.com/products/nike-dunk-low-argon-td"
  },
  {
    "pk": 4509,
    "url": "https://www.laced.com/products/nike-kobe-6-protro-grinch"
  },
  {
    "pk": 4512,
    "url": "https://www.laced.com/products/nike-dunk-high-dark-beetroot"
  },
  {
    "pk": 4539,
    "url": "https://www.laced.com/products/nike-hot-step-air-terra-x-nocta-snakeskin"
  },
  {
    "pk": 4548,
    "url": "https://www.laced.com/products/nike-react-phantom-run-flyknit-grey"
  },
  {
    "pk": 4560,
    "url": "https://www.laced.com/products/nike-ispa-link-black-medium-olive"
  },
  {
    "pk": 4615,
    "url": "https://www.laced.com/products/nike-x-stussy-kukini-white"
  },
  {
    "pk": 4672,
    "url": "https://www.laced.com/products/nike-ispa-link-barley-desert-moss"
  },
  {
    "pk": 4695,
    "url": "https://www.laced.com/products/nike-hot-step-air-terra-drake-nocta-black-university-gold"
  },
  {
    "pk": 4860,
    "url": "https://www.laced.com/products/nike-air-alpha-force-88-white-grey"
  },
  {
    "pk": 5043,
    "url": "https://www.laced.com/products/ugg-oh-yeah-spots-slide-black-womens"
  }
]